Service Name,Service URL
Wix E-Commerce Store,https://startitup.global/service/transform-your-business-with-a-wix-online-digital-storefront/
eBay HTML Description / A+ Content,https://startitup.global/service/ebay-html-description-a-content-services/
Wix Product Display Website,https://startitup.global/service/wix-digital-showcasing-showcase-services/
Webflow Informative Website,https://startitup.global/service/responsive-webflow-websites-for-businesses-and-services/
Webflow Landing Page,https://startitup.global/service/webflow-landing-page-design-craft-stunning-introductory-pages/
Equipment Hire Agreement,https://startitup.global/service/legal-construction-real-estate-contracts-equipment-hire-agreement/
Rental Inspection Report,https://startitup.global/service/legal-construction-real-estate-contracts-rental-inspection-report/
Contractor Agreement,https://startitup.global/service/contractor-agreement-templates-by-startitup-global/
Cleaning Services Agreement,https://startitup.global/service/legal-hospitality-events-contracts-cleaning-services-agreement/
Website Privacy Policy,https://startitup.global/service/legal-technology-it-contracts-website-privacy-policy/
Digital Image Licence,https://startitup.global/service/business-leasing-with-startitup-global/
